<?xml version="1.0" encoding="UTF-8" standalone="no"?><!DOCTYPE suite SYSTEM "http://testng.org/testng-1.0.dtd">
<suite name="Automation Testing" parallel="tests" thread-count="1">
	<test name="TC1">
		<parameter name="datarow" value="1" />
		<parameter name="browser" value="chrome" />
		<classes>
			<class name="flipkart_test.DriverScript" />
		</classes>
	</test>
	<!-- <test name="TC2">
		<parameter name="datarow" value="2" />
		<parameter name="browser" value="chrome" />
		<classes>
			<class name="flipkart_test.DriverScript" />
		</classes>
	</test> -->
</suite>